{
    "active": [
        0.10980755090713501,
        0.4903475046157837,
        0.28318095207214355,
        1.0
    ],
    "background": [
        0.17948448657989502,
        0.21621620655059814,
        0.20302683115005493,
        1.0
    ],
    "hovered": [
        0.09642073512077332,
        0.5675675868988037,
        0.3874766230583191,
        1.0
    ],
    "name": "Green",
    "standard": [
        0.1952117681503296,
        0.5212355256080627,
        0.4041690528392792,
        0.4000000059604645
    ],
    "text": [
        1.0,
        1.0,
        1.0,
        1.0
    ],
    "windowBg": [
        0.10810810327529907,
        0.09809035807847977,
        0.09809035807847977,
        0.9399999976158142
    ]
}