{
    "active": [
        0.8284713625907898,
        0.876447856426239,
        0.14551067352294922,
        1.0
    ],
    "background": [
        0.8725868463516235,
        0.8725868463516235,
        0.8725868463516235,
        1.0
    ],
    "hovered": [
        0.80694979429245,
        0.7889295816421509,
        0.14020361006259918,
        1.0
    ],
    "name": "Light",
    "standard": [
        0.5776958465576172,
        0.6138995885848999,
        0.20621338486671448,
        0.4000000059604645
    ],
    "text": [
        0.0,
        0.0,
        0.0,
        1.0
    ],
    "windowBg": [
        0.7644787430763245,
        0.7644787430763245,
        0.7644787430763245,
        0.9399999976158142
    ]
}