{
    "active": [
        0.16399577260017395,
        0.7451737523078918,
        0.4287795126438141,
        1.0
    ],
    "background": [
        0.8725868463516235,
        0.8725868463516235,
        0.8725868463516235,
        1.0
    ],
    "hovered": [
        0.11858800053596497,
        0.7142857313156128,
        0.48658648133277893,
        1.0
    ],
    "name": "Light",
    "standard": [
        0.27155232429504395,
        0.7104247212409973,
        0.5528373122215271,
        0.4000000059604645
    ],
    "text": [
        0.0,
        0.0,
        0.0,
        1.0
    ],
    "windowBg": [
        1.0,
        1.0,
        1.0,
        0.9399999976158142
    ]
}