{
    "active": [
        0.5199999809265137,
        0.25,
        0.25,
        1.0
    ],
    "background": [
        0.16362309455871582,
        0.17764003574848175,
        0.18918919563293457,
        1.0
    ],
    "hovered": [
        0.5099999904632568,
        0.15000005066394806,
        0.15000005066394806,
        1.0
    ],
    "name": "Red",
    "standard": [
        0.46000000834465027,
        0.16999998688697815,
        0.16999998688697815,
        0.4000000059604645
    ],
    "text": [
        1.0,
        1.0,
        1.0,
        1.0
    ],
    "windowBg": [
        0.13127410411834717,
        0.13127410411834717,
        0.13127410411834717,
        0.9399999976158142
    ]
}